{"stats":{"minecraft:crafted":{"minecraft:wooden_sword":1,"minecraft:oak_planks":56,"biomesoplenty:mahogany_planks":12,"minecraft:flint_and_steel":1,"alexsmobs:pocket_sand":1,"grapplemod:grapplinghook":1,"relics:researching_table":1,"minecraft:lead":2,"sophisticatedbackpacks:iron_backpack":1,"minecraft:oak_slab":6,"minecraft:red_dye":2,"biomesoplenty:dead_planks":64,"minecraft:emerald":22,"sophisticatedbackpacks:backpack":1,"minecraft:crafting_table":1,"minecraft:red_wool":2,"sophisticatedbackpacks:gold_backpack":1,"undead_revamp2:clogggerribswithbun":43,"minecraft:bucket":1,"crafting_on_a_stick:crafting_table":1,"minecraft:glowstone":2,"minecraft:air":0,"minecraft:shield":1,"minecraft:stick":28,"quark:oak_chest":1,"minecraft:iron_ingot":9,"minecraft:iron_pickaxe":1,"minecraft:wooden_axe":2,"minecraft:iron_leggings":1,"minecraft:gold_ingot":18,"chococraft:chocobo_saddle":2},"minecraft:mined":{"undead_revamp2:arapholia":1,"minecraft:crying_obsidian":6,"minecraft:jungle_leaves":3,"biomesoplenty:brimstone":2,"minecraft:obsidian":7,"minecraft:cracked_polished_blackstone_bricks":28,"minecraft:jungle_log":19,"biomesoplenty:dried_salt":6,"minecraft:spawner":1,"biomesoplenty:stripped_dead_log":1,"minecraft:polished_blackstone_bricks":53,"minecraft:glowstone":11,"biomesoplenty:orange_cosmos":1,"minecraft:iron_ore":5,"minecraft:fire":11,"minecraft:gold_block":2,"chococraft:gysahl_green":7,"minecraft:vine":3,"minecraft:stripped_oak_log":1,"biomesoplenty:rose_quartz_cluster":1,"minecraft:bone_block":15,"minecraft:oak_slab":1,"minecraft:blackstone":20,"minecraft:red_bed":8,"minecraft:basalt":15,"croptopia:cinnamon_log":7,"minecraft:poppy":2,"minecraft:melon":6,"minecraft:campfire":4,"minecraft:nether_quartz_ore":7,"minecraft:tall_grass":1,"biomesoplenty:sprout":16,"minecraft:sugar_cane":6,"minecraft:damaged_anvil":3,"minecraft:spruce_stairs":2,"biomesoplenty:mahogany_log":23,"biomesoplenty:large_rose_quartz_bud":1,"minecraft:grass":11,"biomesoplenty:dead_log":100,"minecraft:oak_log":46,"minecraft:gravel":14,"minecraft:sand":3,"biomesoplenty:stringy_cobweb":1,"minecraft:cobweb":2,"minecraft:stone_bricks":2,"minecraft:netherrack":1,"minecraft:gold_ore":2,"minecraft:oak_leaves":73,"minecraft:fern":107},"minecraft:picked_up":{"minecraft:cocoa_beans":17,"minecraft:charcoal":8,"chococraft:loverly_gysahl_green":1,"minecraft:coarse_dirt":2,"croptopia:peach":1,"croptopia:cinnamon_log":7,"minecraft:gold_block":2,"minecraft:golden_sword":1,"biomesoplenty:rose_quartz_shard":4,"minecraft:red_bed":8,"minecraft:string":6,"undead_revamp2:clogggerribswithbun":1,"minecraft:blackstone":19,"biomesoplenty:brimstone":2,"biomesoplenty:dead_sapling":2,"minecraft:gold_nugget":4,"minecraft:poppy":2,"minecraft:melon_slice":37,"minecraft:sugar_cane":12,"relics:magma_walker":1,"minecraft:stick":25,"minecraft:raw_iron":5,"minecraft:spruce_stairs":2,"minecraft:polished_blackstone_bricks":53,"biomesoplenty:wilted_lily":1,"undead_revamp2:cloogerribs":43,"minecraft:honey_bottle":1,"alexscaves:corrodent_teeth":2,"minecraft:rotten_flesh":41,"biomesoplenty:mahogany_sapling":3,"minecraft:obsidian":7,"undead_revamp2:arapholia":1,"minecraft:bone_block":15,"alexsmobs:flying_fish":1,"minecraft:stripped_oak_log":1,"relics:holy_locket":1,"minecraft:magma_cream":1,"minecraft:basalt":15,"minecraft:jungle_log":23,"biomesoplenty:dried_salt":100,"minecraft:salmon":2,"minecraft:leather":58,"biomesoplenty:dead_log":80,"minecraft:flint":1,"minecraft:oak_log":44,"minecraft:dirt":2,"chococraft:chocobo_feather":6,"minecraft:bone":26,"undead_revamp2:blacpetalblock":1,"chococraft:gysahl_green":28,"minecraft:apple":3,"minecraft:stone_bricks":2,"minecraft:kelp":2,"minecraft:wheat_seeds":5,"minecraft:raw_gold":2,"biomesoplenty:stripped_dead_log":1,"minecraft:glowstone_dust":29,"minecraft:oak_planks":2,"biomesoplenty:toadstool":5,"minecraft:oak_slab":1,"relics:hunter_belt":3,"minecraft:quartz":7,"minecraft:gravel":13,"minecraft:sand":18,"chococraft:gysahl_green_seeds":9,"minecraft:crying_obsidian":6,"biomesoplenty:mahogany_log":20,"alexsmobs:guster_eye":1,"minecraft:slime_ball":11,"undead_revamp2:beespheromones":1,"waystones:waystone":3,"minecraft:cracked_polished_blackstone_bricks":27,"croptopia:orange":5,"minecraft:bread":1,"minecraft:emerald":2,"minecraft:oak_sapling":36,"minecraft:damaged_anvil":3,"minecraft:netherrack":9,"relics:space_dissector":1,"minecraft:ender_pearl":1,"quark:crimson_chest":1},"minecraft:broken":{"minecraft:golden_boots":1,"minecraft:wooden_axe":2},"minecraft:dropped":{"minecraft:wheat_seeds":4,"chococraft:gysahl_green_seeds":9,"minecraft:spruce_stairs":2,"biomesoplenty:rose_quartz_shard":4,"minecraft:stick":8,"minecraft:cracked_polished_blackstone_bricks":7,"minecraft:melon_slice":2,"minecraft:gold_nugget":4,"minecraft:sand":3,"minecraft:polished_blackstone_bricks":7,"biomesoplenty:toadstool":5,"biomesoplenty:dried_salt":14,"minecraft:blackstone":8,"minecraft:kelp":2,"relics:hunter_belt":1,"alexsmobs:animal_dictionary":1,"minecraft:cocoa_beans":3,"chococraft:chocobo_feather":1,"minecraft:rotten_flesh":6,"minecraft:oak_planks":2,"patchouli:guide_book":1,"biomesoplenty:stripped_dead_log":1,"minecraft:jungle_log":4,"minecraft:oak_sapling":3,"minecraft:golden_sword":1,"minecraft:stone_bricks":2,"minecraft:netherrack":4,"chococraft:gysahl_green":2},"minecraft:custom":{"lootr:looted_stat":38,"minecraft:mob_kills":99,"minecraft:interact_with_anvil":7,"goblintraders:trade_with_goblin":22,"minecraft:damage_dealt_resisted":30,"minecraft:leave_game":3,"minecraft:time_since_death":33819,"minecraft:climb_one_cm":2305,"minecraft:sprint_one_cm":168407,"minecraft:walk_one_cm":541646,"minecraft:damage_blocked_by_shield":315,"minecraft:drop":70,"minecraft:talked_to_villager":3,"minecraft:play_time":177688,"minecraft:deaths":9,"minecraft:sneak_time":7885,"minecraft:walk_under_water_one_cm":37173,"minecraft:jump":2262,"minecraft:walk_on_water_one_cm":32269,"minecraft:total_world_time":177688,"minecraft:sleep_in_bed":3,"minecraft:time_since_rest":33848,"minecraft:waystone_activated":9,"minecraft:damage_taken":7663,"minecraft:damage_dealt":32162,"minecraft:swim_one_cm":41760,"minecraft:fly_one_cm":595430,"minecraft:open_chest":4,"minecraft:crouch_one_cm":22718,"minecraft:fall_one_cm":92216},"minecraft:killed_by":{"undead_revamp2:the_moonflower":1,"minecraft:piglin_brute":5,"undead_revamp2:clogger":1,"creeperoverhaul:ocean_creeper":1,"undead_revamp2:theheavy":1},"minecraft:used":{"undead_revamp2:clogggerribswithbun":29,"minecraft:flint_and_steel":1,"simplyswords:iron_warglaive":68,"minecraft:shield":10,"minecraft:iron_sword":214,"minecraft:cooked_salmon":3,"minecraft:netherrack":3,"alexsmobs:pocket_sand":15,"croptopia:cinnamon_log":1,"minecraft:obsidian":6,"minecraft:wooden_axe":124,"minecraft:iron_axe":175,"minecraft:golden_carrot":8,"minecraft:basalt":7,"croptopia:peach":1,"minecraft:goat_horn":10,"minecraft:damaged_anvil":1,"relics:researching_table":1,"minecraft:baked_potato":3,"minecraft:oak_planks":14,"minecraft:blackstone":11,"minecraft:polished_blackstone_bricks":42,"minecraft:sand":6,"minecraft:oak_slab":1,"minecraft:tnt":1,"minecraft:red_bed":9,"croptopia:orange":3,"waystones:waystone":2,"minecraft:diamond_pickaxe":181,"minecraft:cracked_polished_blackstone_bricks":20,"minecraft:bread":10,"minecraft:melon_slice":17,"quark:crimson_chest":1,"minecraft:gravel":13,"biomesoplenty:dried_salt":43,"minecraft:diamond_sword":259,"minecraft:wooden_sword":28,"minecraft:potion":1,"minecraft:bucket":1,"chococraft:gysahl_green":2,"minecraft:experience_bottle":1},"minecraft:killed":{"alexscaves:corrodent":1,"minecraft:zombified_piglin":3,"minecraft:witch":1,"minecraft:vindicator":6,"undead_revamp2:clogger":1,"alexsmobs:seagull":2,"alexsmobs:gorilla":7,"undead_revamp2:theswarmer":2,"undead_revamp2:deadclogger":1,"minecraft:bee":2,"alexsmobs:hammerhead_shark":2,"minecraft:piglin_brute":5,"alexsmobs:flying_fish":1,"undead_revamp2:thespitter":1,"minecraft:magma_cube":1,"minecraft:piglin":3,"minecraft:husk":1,"alexsmobs:guster":6,"supernatural:mer_amethyst":1,"undead_revamp2:the_moonflower":2,"undead_revamp2:thebeartamer":1,"minecraft:pillager":36,"minecraft:zombie":4,"creeperoverhaul:ocean_creeper":1,"cataclysm:deepling":1,"monsterplus:overgrown_skeleton":1,"minecraft:enderman":4}},"DataVersion":3465}