{"stats":{"minecraft:crafted":{"minecraft:oak_planks":4,"minecraft:netherite_scrap":5,"minecraft:stick":4,"minecraft:iron_pickaxe":1},"minecraft:mined":{"biomesoplenty:brimstone":1,"minecraft:brewing_stand":1,"minecraft:grass_block":870,"minecraft:cracked_polished_blackstone_bricks":16,"minecraft:spawner":2,"minecraft:polished_blackstone_bricks":24,"minecraft:glowstone":3,"minecraft:fire":14,"minecraft:andesite":3,"minecraft:gold_block":14,"chococraft:gysahl_green":8,"minecraft:lantern":8,"minecraft:stone":11,"minecraft:bone_block":32,"minecraft:green_bed":1,"minecraft:blackstone":4,"minecraft:basalt":2,"minecraft:chest":2,"minecraft:nether_quartz_ore":6,"minecraft:tall_grass":9,"minecraft:cyan_bed":1,"minecraft:diorite":1,"minecraft:grass":56,"minecraft:coal_ore":7,"minecraft:sand":1,"minecraft:dirt":174,"minecraft:netherrack":89,"minecraft:deepslate":8},"minecraft:picked_up":{"minecraft:cocoa_beans":1,"minecraft:anvil":1,"croptopia:peach":9,"minecraft:gold_block":12,"minecraft:nether_brick":12,"minecraft:brewing_stand":1,"minecraft:cornflower":7,"minecraft:string":2,"minecraft:raw_copper":8,"quark:yellow_blossom_leaves":1,"minecraft:blackstone":29,"quark:oak_trapped_chest":3,"biomesoplenty:brimstone":1,"minecraft:cobbled_deepslate":8,"minecraft:poppy":12,"minecraft:chest":2,"minecraft:stick":1,"minecraft:green_bed":1,"minecraft:fire_charge":3,"minecraft:polished_blackstone_bricks":25,"minecraft:golden_axe":2,"minecraft:diorite":1,"minecraft:golden_chestplate":1,"monsterplus:crystal_clump":2,"minecraft:arrow":10,"minecraft:rotten_flesh":19,"minecraft:bone_block":43,"minecraft:cobblestone":12,"minecraft:oxeye_daisy":3,"minecraft:feather":1,"minecraft:basalt":2,"minecraft:magma_cream":1,"relics:holy_locket":2,"minecraft:glow_ink_sac":3,"minecraft:andesite":3,"minecraft:leather":4,"waystones:sandy_waystone":1,"biomesoplenty:jacaranda_planks":1,"minecraft:dirt":1030,"minecraft:lantern":8,"minecraft:bone":7,"chococraft:gysahl_green":22,"minecraft:apple":7,"minecraft:wheat_seeds":59,"minecraft:raw_gold":8,"minecraft:iron_ingot":1,"minecraft:cobweb":3,"minecraft:glowstone_dust":7,"minecraft:quartz":6,"minecraft:dandelion":14,"minecraft:gravel":29,"minecraft:sand":1,"chococraft:gysahl_green_seeds":8,"minecraft:cyan_bed":1,"minecraft:spectral_arrow":3,"minecraft:deepslate":1,"monsterplus:crystal_shard":2,"minecraft:cracked_polished_blackstone_bricks":16,"minecraft:crossbow":1,"minecraft:golden_horse_armor":1,"minecraft:bread":9,"minecraft:oak_sapling":7,"minecraft:netherrack":87,"minecraft:coal":30},"minecraft:dropped":{"minecraft:golden_axe":1,"quark:oak_trapped_chest":3,"biomesoplenty:jacaranda_planks":1,"minecraft:oxeye_daisy":1,"minecraft:cracked_polished_blackstone_bricks":1,"minecraft:polished_blackstone_bricks":3,"minecraft:gold_ingot":13,"minecraft:anvil":1,"minecraft:blackstone":1,"minecraft:cocoa_beans":1,"quark:yellow_blossom_leaves":1},"minecraft:custom":{"lootr:looted_stat":28,"minecraft:mob_kills":53,"minecraft:interact_with_anvil":1,"minecraft:interact_with_crafting_table":1,"goblintraders:trade_with_goblin":1,"minecraft:damage_dealt_resisted":123,"minecraft:leave_game":2,"minecraft:time_since_death":3705,"minecraft:climb_one_cm":1791,"minecraft:sprint_one_cm":555272,"minecraft:walk_one_cm":327889,"minecraft:drop":23,"minecraft:damage_dealt_absorbed":200,"minecraft:play_time":164520,"minecraft:deaths":4,"minecraft:sneak_time":12084,"minecraft:walk_under_water_one_cm":608,"minecraft:jump":3103,"minecraft:walk_on_water_one_cm":3971,"minecraft:total_world_time":164520,"minecraft:sleep_in_bed":1,"minecraft:time_since_rest":389,"minecraft:waystone_activated":9,"minecraft:damage_taken":3555,"minecraft:damage_dealt":11432,"minecraft:swim_one_cm":2342,"minecraft:fly_one_cm":2196215,"minecraft:open_chest":44,"minecraft:crouch_one_cm":13410,"minecraft:fall_one_cm":102668},"minecraft:killed_by":{"minecraft:piglin_brute":1,"monsterplus:overgrown_skeleton":1},"minecraft:used":{"waystones:sandy_waystone":1,"minecraft:chest":3,"minecraft:iron_sword":127,"minecraft:netherrack":78,"minecraft:iron_chestplate":1,"minecraft:brewing_stand":1,"minecraft:dirt":72,"minecraft:anvil":1,"biomesoplenty:jacaranda_slab":39,"minecraft:lantern":8,"minecraft:iron_axe":4,"deeperdarker:warden_shovel":1103,"biomesoplenty:jacaranda_log":165,"biomesoplenty:jacaranda_stairs":322,"minecraft:basalt":1,"minecraft:goat_horn":10,"minecraft:furnace":1,"minecraft:cooked_beef":4,"biomesoplenty:jacaranda_fence":17,"minecraft:cobbled_deepslate":8,"biomesoplenty:jacaranda_door":6,"minecraft:diorite":1,"minecraft:blackstone":1,"quark:yellow_blossom_leaves":18,"minecraft:green_bed":1,"minecraft:polished_blackstone_bricks":18,"minecraft:sand":1,"minecraft:crafting_table":1,"minecraft:blast_furnace":1,"biomesoplenty:jacaranda_planks":349,"waystones:waystone":1,"biomesoplenty:jacaranda_trapdoor":32,"minecraft:cracked_polished_blackstone_bricks":15,"minecraft:bread":62,"minecraft:iron_pickaxe":236,"minecraft:gravel":15,"minecraft:diamond_sword":35,"minecraft:cobblestone":6,"minecraft:andesite":3,"quark:oak_chest":10,"biomesoplenty:jacaranda_leaves":56,"minecraft:experience_bottle":2},"minecraft:killed":{"alexsmobs:dropbear":1,"minecraft:cave_spider":1,"monsterplus:mother_lava_squid":1,"minecraft:spider":1,"alexsmobs:seagull":1,"monsterplus:crystal_zombie":4,"minecraft:skeleton":1,"monsterplus:glow_skeleton":6,"alexsmobs:capuchin_monkey":1,"minecraft:piglin_brute":6,"minecraft:piglin":12,"minecraft:pillager":2,"minecraft:zombie":14,"monsterplus:lava_squid":1}},"DataVersion":3465}