{"stats":{"minecraft:dropped":{"minecraft:golden_axe":1,"quark:oak_trapped_chest":3,"simplyswords:iron_halberd":1,"biomesoplenty:jacaranda_planks":1,"minecraft:oxeye_daisy":1,"minecraft:cracked_polished_blackstone_bricks":1,"biomesoplenty:brimstone":1,"minecraft:polished_blackstone_bricks":3,"minecraft:gold_ingot":75,"minecraft:bone":2,"minecraft:anvil":1,"minecraft:blackstone":1,"minecraft:cocoa_beans":1,"undead_revamp2:arapholia":1,"quark:yellow_blossom_leaves":1,"chococraft:gysahl_green":1},"minecraft:mined":{"minecraft:large_amethyst_bud":2,"minecraft:tuff":1,"minecraft:deepslate_diamond_ore":11,"biomesoplenty:brimstone":1,"minecraft:brewing_stand":1,"minecraft:obsidian":3,"minecraft:budding_amethyst":5,"minecraft:grass_block":872,"minecraft:cracked_polished_blackstone_bricks":16,"biomesoplenty:jacaranda_sapling":4,"minecraft:sandstone":1,"minecraft:gilded_blackstone":5,"minecraft:spawner":11,"minecraft:polished_blackstone_bricks":24,"minecraft:magma_block":4,"minecraft:glowstone":3,"minecraft:iron_ore":2,"minecraft:cobbled_deepslate":1,"minecraft:fire":35,"minecraft:andesite":9,"minecraft:deepslate_lapis_ore":1,"minecraft:gold_block":14,"chococraft:gysahl_green":13,"minecraft:small_amethyst_bud":5,"minecraft:lantern":8,"quark:yellow_blossom_sapling":2,"ad_astra:sky_stone":6,"minecraft:end_stone_bricks":3,"minecraft:stone":22,"minecraft:bone_block":32,"minecraft:green_bed":1,"biomesoplenty:jacaranda_leaves":1,"minecraft:blackstone":6,"minecraft:medium_amethyst_bud":2,"minecraft:amethyst_cluster":1,"minecraft:basalt":3,"minecraft:chest":2,"minecraft:tall_grass":11,"minecraft:nether_quartz_ore":6,"minecraft:cyan_bed":1,"minecraft:oak_planks":4,"minecraft:diorite":1,"minecraft:amethyst_block":21,"biomesoplenty:large_rose_quartz_bud":2,"minecraft:grass":58,"croptopia:cinnamon_leaves":6,"minecraft:coal_ore":7,"minecraft:gravel":3,"minecraft:sand":2,"minecraft:dirt":176,"biomesoplenty:flowering_oak_sapling":5,"minecraft:cobweb":39,"minecraft:netherrack":111,"minecraft:oak_leaves":2,"minecraft:deepslate":112},"minecraft:used":{"waystones:sandy_waystone":1,"minecraft:chest":3,"minecraft:iron_sword":150,"minecraft:netherrack":100,"minecraft:iron_chestplate":2,"minecraft:torch":16,"quark:yellow_blossom_sapling":23,"minecraft:brewing_stand":1,"minecraft:dirt":219,"minecraft:anvil":1,"minecraft:tuff":1,"biomesoplenty:jacaranda_slab":39,"minecraft:obsidian":10,"minecraft:lantern":8,"minecraft:iron_axe":8,"deeperdarker:warden_shovel":1103,"minecraft:iron_helmet":1,"biomesoplenty:jacaranda_log":165,"minecraft:magma_block":4,"minecraft:golden_carrot":15,"biomesoplenty:jacaranda_stairs":322,"croptopia:persimmon":5,"biomesoplenty:jacaranda_sapling":20,"minecraft:basalt":2,"minecraft:furnace":1,"minecraft:goat_horn":15,"minecraft:cooked_beef":4,"biomesoplenty:jacaranda_fence":17,"minecraft:cobbled_deepslate":114,"minecraft:water_bucket":2,"biomesoplenty:jacaranda_door":6,"minecraft:diorite":1,"minecraft:end_stone_bricks":3,"minecraft:oak_planks":1,"minecraft:blackstone":6,"biomesoplenty:flowering_oak_sapling":16,"quark:yellow_blossom_leaves":18,"minecraft:green_bed":1,"minecraft:polished_blackstone_bricks":18,"minecraft:sand":2,"minecraft:crafting_table":1,"minecraft:blast_furnace":1,"simplyswords:iron_halberd":56,"biomesoplenty:jacaranda_planks":349,"waystones:waystone":1,"minecraft:diamond_pickaxe":21,"biomesoplenty:jacaranda_trapdoor":32,"minecraft:cracked_polished_blackstone_bricks":15,"minecraft:bread":128,"minecraft:iron_pickaxe":450,"minecraft:deepslate":1,"minecraft:gravel":15,"ad_astra:sky_stone":6,"minecraft:diamond_sword":276,"minecraft:fire_charge":1,"minecraft:cobblestone":13,"minecraft:cooked_porkchop":1,"minecraft:bucket":2,"minecraft:andesite":6,"quark:oak_chest":18,"biomesoplenty:jacaranda_leaves":56,"minecraft:bone_meal":144,"minecraft:experience_bottle":2},"minecraft:picked_up":{"quark:diamond_heart":1,"minecraft:cocoa_beans":1,"minecraft:iron_chestplate":1,"quark:pathfinders_quill":1,"croptopia:peach":9,"minecraft:anvil":1,"minecraft:oak_stairs":1,"minecraft:potion":1,"minecraft:gold_block":12,"biomesoplenty:jacaranda_sapling":4,"minecraft:gilded_blackstone":4,"minecraft:nether_brick":27,"minecraft:brewing_stand":1,"ad_astra:sky_stone":6,"minecraft:amethyst_block":21,"minecraft:cornflower":7,"minecraft:string":64,"minecraft:raw_copper":8,"quark:yellow_blossom_leaves":1,"minecraft:iron_leggings":1,"minecraft:armor_stand":1,"minecraft:blackstone":61,"quark:oak_trapped_chest":3,"biomesoplenty:brimstone":1,"minecraft:gold_nugget":4,"minecraft:cobbled_deepslate":114,"minecraft:poppy":12,"minecraft:light_gray_wool":2,"quark:yellow_blossom_sapling":2,"minecraft:chest":2,"minecraft:iron_boots":3,"minecraft:egg":1,"minecraft:raw_iron":19,"minecraft:stick":1,"minecraft:stone":2,"minecraft:music_disc_blocks":1,"minecraft:green_bed":1,"minecraft:spruce_stairs":2,"minecraft:fire_charge":4,"minecraft:polished_blackstone_bricks":25,"simplyswords:iron_halberd":1,"minecraft:golden_axe":2,"minecraft:diorite":1,"minecraft:redstone":15,"alexsmobs:centipede_leg":1,"minecraft:golden_chestplate":1,"quark:ancient_tome":1,"monsterplus:crystal_clump":5,"minecraft:arrow":17,"minecraft:rotten_flesh":50,"croptopia:persimmon":5,"minecraft:saddle":1,"minecraft:gold_ingot":11,"minecraft:stripped_birch_wood":6,"minecraft:obsidian":10,"undead_revamp2:arapholia":1,"minecraft:bone_block":58,"minecraft:cobblestone":21,"minecraft:oxeye_daisy":3,"minecraft:magma_block":4,"minecraft:basalt":3,"minecraft:feather":2,"minecraft:magma_cream":1,"relics:holy_locket":2,"minecraft:glow_ink_sac":5,"minecraft:andesite":6,"minecraft:leather":17,"minecraft:tuff":1,"waystones:sandy_waystone":1,"biomesoplenty:jacaranda_planks":1,"minecraft:gunpowder":5,"supernatural:vampire_dust":4,"minecraft:lapis_lazuli":9,"minecraft:dirt":1033,"minecraft:lantern":8,"minecraft:bone":34,"chococraft:gysahl_green":36,"minecraft:apple":7,"minecraft:bow":1,"minecraft:wheat_seeds":60,"minecraft:raw_gold":8,"minecraft:rabbit_hide":8,"minecraft:iron_ingot":1,"minecraft:cobweb":12,"minecraft:glowstone_dust":9,"minecraft:iron_sword":1,"minecraft:oak_planks":1,"minecraft:soul_sand":32,"minecraft:cooked_porkchop":6,"minecraft:quartz":23,"minecraft:dandelion":14,"minecraft:stripped_acacia_wood":1,"minecraft:gravel":64,"minecraft:sand":2,"minecraft:amethyst_shard":4,"chococraft:gysahl_green_seeds":13,"minecraft:cyan_bed":1,"minecraft:crying_obsidian":8,"minecraft:spectral_arrow":34,"biomesoplenty:flowering_oak_sapling":5,"minecraft:diamond":13,"minecraft:deepslate":3,"monsterplus:crystal_shard":7,"minecraft:cracked_polished_blackstone_bricks":16,"minecraft:crossbow":2,"minecraft:golden_horse_armor":1,"minecraft:bread":17,"supernatural:gothic_iron_helmet":1,"minecraft:acacia_slab":1,"minecraft:oak_sapling":7,"minecraft:netherrack":109,"minecraft:coal":35,"minecraft:end_stone_bricks":3},"minecraft:broken":{"minecraft:iron_chestplate":1,"minecraft:iron_pickaxe":1,"minecraft:iron_helmet":1},"minecraft:custom":{"lootr:looted_stat":50,"minecraft:mob_kills":144,"minecraft:interact_with_anvil":1,"minecraft:interact_with_crafting_table":8,"goblintraders:trade_with_goblin":1,"minecraft:damage_dealt_resisted":265,"minecraft:leave_game":3,"minecraft:time_since_death":50519,"minecraft:climb_one_cm":3268,"minecraft:sprint_one_cm":1060524,"minecraft:walk_one_cm":594870,"minecraft:drop":91,"minecraft:damage_dealt_absorbed":200,"minecraft:play_time":293540,"minecraft:deaths":6,"minecraft:sneak_time":13427,"minecraft:walk_under_water_one_cm":22496,"minecraft:jump":6598,"minecraft:walk_on_water_one_cm":31732,"minecraft:total_world_time":293540,"minecraft:interact_with_furnace":1,"minecraft:sleep_in_bed":3,"minecraft:time_since_rest":50542,"minecraft:waystone_activated":11,"minecraft:damage_taken":8268,"minecraft:damage_dealt":29292,"minecraft:swim_one_cm":31890,"minecraft:fly_one_cm":2886449,"minecraft:open_chest":122,"minecraft:crouch_one_cm":16660,"minecraft:fall_one_cm":189188},"minecraft:killed_by":{"minecraft:wither_skeleton":1,"minecraft:piglin_brute":1,"minecraft:creeper":1,"monsterplus:overgrown_skeleton":1},"minecraft:crafted":{"minecraft:oak_planks":68,"minecraft:bone_meal":144,"minecraft:netherite_scrap":5,"minecraft:iron_helmet":1,"minecraft:bucket":1,"minecraft:iron_chestplate":1,"minecraft:diamond_pickaxe":1,"minecraft:stick":4,"quark:oak_chest":8,"minecraft:iron_ingot":18,"minecraft:iron_pickaxe":1,"minecraft:netherite_ingot":2},"minecraft:killed":{"undead_revamp2:thewolf":1,"alexsmobs:dropbear":1,"supernatural:vampire":2,"minecraft:cave_spider":8,"undead_revamp2:thehunter":2,"monsterplus:mother_lava_squid":1,"minecraft:spider":2,"undead_revamp2:axestrom":2,"undead_revamp2:thesmoker":1,"alexsmobs:seagull":2,"monsterplus:crystal_zombie":13,"minecraft:phantom":1,"minecraft:skeleton":9,"monsterplus:glow_skeleton":13,"alexsmobs:capuchin_monkey":1,"creeperoverhaul:cave_creeper":1,"alexsmobs:centipede_head":1,"minecraft:piglin_brute":6,"undead_revamp2:thespitter":1,"minecraft:piglin":15,"quark:stoneling":1,"undead_revamp2:the_moonflower":1,"undead_revamp2:thebeartamer":1,"minecraft:hoglin":2,"minecraft:creeper":2,"minecraft:pillager":2,"minecraft:zombie":35,"minecraft:wither_skeleton":11,"monsterplus:lava_squid":1}},"DataVersion":3465}