{"stats":{"minecraft:crafted":{"minecraft:oak_planks":4,"minecraft:minecart":1,"quark:blossom_planks":280,"minecraft:crafting_table":1,"minecraft:glowstone":2,"minecraft:air":0,"minecraft:iron_ingot":60,"minecraft:gold_ingot":18},"minecraft:mined":{"alexscaves:spelunkery_table":1,"minecraft:tuff":11,"biomesoplenty:desert_grass":3,"biomesoplenty:brimstone":14,"minecraft:granite":8,"biomesoplenty:dune_grass":2,"minecraft:hay_block":30,"minecraft:redstone_ore":7,"minecraft:glowstone":3,"minecraft:furnace":2,"minecraft:iron_ore":127,"minecraft:barrel":7,"minecraft:andesite":18,"chococraft:gysahl_green":1,"minecraft:deepslate_iron_ore":8,"minecraft:stone":75,"biomesoplenty:orange_sand":3,"minecraft:torch":1,"quark:blossom_log":71,"minecraft:cobblestone":24,"minecraft:deepslate_gold_ore":1,"minecraft:diorite":3,"minecraft:wall_torch":10,"minecraft:coal_ore":14,"minecraft:gravel":6,"minecraft:cobweb":1,"minecraft:netherrack":18,"minecraft:gold_ore":7,"minecraft:deepslate":42},"minecraft:picked_up":{"chococraft:loverly_gysahl_green":1,"minecraft:gold_block":2,"minecraft:string":9,"relics:magic_mirror":1,"immersive_aircraft:biplane":1,"minecraft:blackstone":15,"biomesoplenty:brimstone":14,"minecraft:cobbled_deepslate":42,"minecraft:minecart":1,"minecraft:enchanted_golden_apple":1,"minecraft:furnace":2,"minecraft:raw_iron":133,"minecraft:stone":1,"minecraft:torch":12,"minecraft:fire_charge":1,"quark:blossom_log":70,"minecraft:diorite":7,"minecraft:carrot":1,"minecraft:redstone":31,"monsterplus:crystal_clump":1,"minecraft:arrow":2,"minecraft:rotten_flesh":17,"quark:orange_blossom_sapling":1,"minecraft:hay_block":30,"alexscaves:spelunkery_table":1,"minecraft:gold_ingot":1,"minecraft:obsidian":2,"biomesoplenty:orange_sand":2,"minecraft:cobblestone":150,"minecraft:stripped_oak_log":1,"minecraft:leather_chestplate":1,"minecraft:salmon":8,"minecraft:andesite":19,"minecraft:flint":4,"minecraft:tuff":11,"undead_revamp2:huntereye":1,"minecraft:dirt":13,"minecraft:bone":8,"chococraft:gysahl_green":2,"minecraft:wheat_seeds":1,"minecraft:raw_gold":7,"minecraft:iron_ore":12,"minecraft:glowstone_dust":9,"croptopia:roe":14,"minecraft:gravel":10,"chococraft:gysahl_green_seeds":1,"minecraft:barrel":7,"minecraft:bundle":1,"alexsmobs:raw_catfish":1,"minecraft:deepslate":1,"monsterplus:crystal_shard":5,"waystones:waystone":1,"minecraft:granite":10,"minecraft:bone_meal":2,"minecraft:golden_apple":1,"minecraft:bread":16,"minecraft:netherrack":18,"minecraft:coal":13},"minecraft:broken":{"minecraft:stone_pickaxe":1,"minecraft:iron_pickaxe":1},"minecraft:custom":{"lootr:looted_stat":21,"minecraft:mob_kills":51,"minecraft:interact_with_anvil":1,"minecraft:interact_with_crafting_table":2,"minecraft:open_barrel":19,"goblintraders:trade_with_goblin":33,"minecraft:damage_dealt_resisted":44,"minecraft:leave_game":2,"minecraft:time_since_death":168352,"minecraft:climb_one_cm":808,"minecraft:sprint_one_cm":428500,"minecraft:walk_one_cm":528368,"minecraft:drop":44,"minecraft:play_time":168352,"minecraft:sneak_time":9143,"minecraft:walk_under_water_one_cm":44586,"minecraft:jump":1946,"minecraft:walk_on_water_one_cm":14866,"minecraft:total_world_time":168352,"minecraft:interact_with_furnace":1,"minecraft:interact_with_loom":3,"minecraft:time_since_rest":168352,"minecraft:waystone_activated":8,"minecraft:damage_taken":3048,"minecraft:minecart_one_cm":864,"minecraft:damage_dealt":7475,"minecraft:swim_one_cm":25373,"minecraft:fly_one_cm":554648,"minecraft:open_chest":6,"minecraft:crouch_one_cm":15657,"minecraft:fall_one_cm":52674,"minecraft:horse_one_cm":281},"minecraft:dropped":{"sophisticatedbackpacks:iron_backpack":1,"minecraft:wheat_seeds":1,"alexsmobs:raw_catfish":1,"minecraft:golden_apple":1,"minecraft:flint":4,"biomesoplenty:orange_sand":1,"relics:roller_skates":1,"minecraft:diorite":2,"minecraft:fire_charge":1,"minecraft:iron_leggings":1,"minecraft:bone_meal":2,"minecraft:string":1,"minecraft:gold_ingot":10,"minecraft:gravel":3,"minecraft:blackstone":1,"minecraft:rotten_flesh":16,"minecraft:enchanted_golden_apple":1,"minecraft:glowstone_dust":1,"minecraft:filled_map":1,"minecraft:leather_chestplate":2,"minecraft:stone":1,"relics:magic_mirror":1,"mcwbridges:rope_birch_bridge":1,"minecraft:iron_ore":12,"minecraft:stone_pickaxe":1},"minecraft:used":{"minecraft:oak_fence":24,"biomesoplenty:brimstone":12,"friendsandfoes:mauler_spawn_egg":1,"mcwbridges:rope_birch_bridge":9,"simplyswords:iron_claymore":127,"minecraft:stone_shovel":5,"minecraft:stone":104,"lootr:trophy":1,"minecraft:netherrack":18,"minecraft:oak_door":1,"minecraft:torch":89,"minecraft:anvil":1,"minecraft:tuff":11,"minecraft:granite":7,"minecraft:oak_fence_gate":2,"minecraft:obsidian":2,"minecraft:glass":62,"alexsmobs:mimic_octopus_bucket":1,"biomesoplenty:orange_sand":1,"minecraft:barrel":13,"chococraft:yellow_chocobo_spawn_egg":1,"quark:blossom_chest":2,"minecraft:golden_carrot":2,"minecraft:furnace":3,"minecraft:minecart":2,"immersive_aircraft:biplane":1,"mcwbridges:birch_log_bridge_stair":5,"minecraft:cobbled_deepslate":42,"minecraft:water_bucket":9,"minecraft:diorite":2,"minecraft:cobblestone_stairs":157,"monsterplus:crystal_clump":1,"minecraft:bundle":1,"minecraft:stone_pickaxe":131,"minecraft:blackstone":14,"quark:hollow_birch_log":1,"minecraft:glow_berries":2,"minecraft:crafting_table":2,"minecraft:lime_bed":1,"friendsandfoes:wildfire_crown":1,"minecraft:crossbow":2,"relics:horse_flute":1,"waystones:waystone":1,"minecraft:apple":1,"dramaticdoors:tall_oak_door":2,"dramaticdoors:short_oak_door":1,"minecraft:bread":64,"minecraft:iron_pickaxe":251,"minecraft:deepslate":1,"minecraft:stone_axe":80,"minecraft:diamond_sword":3,"minecraft:cobblestone":1246,"minecraft:bucket":9,"minecraft:andesite":17,"minecraft:stripped_oak_log":1},"minecraft:killed":{"alexsmobs:mimic_octopus":1,"minecraft:cave_spider":3,"undead_revamp2:thehunter":3,"minecraft:spider":1,"monsterplus:crystal_zombie":7,"minecraft:skeleton":6,"minecraft:drowned":2,"minecraft:piglin_brute":5,"undead_revamp2:sucker":1,"undead_revamp2:thespitter":1,"minecraft:piglin":2,"minecraft:salmon":9,"alexsmobs:catfish":1,"undead_revamp2:thesomnolence":5,"minecraft:zombie":2,"minecraft:ghast":1,"undead_revamp2:theskeeper":1}},"DataVersion":3465}