{"stats":{"minecraft:dropped":{"sophisticatedbackpacks:iron_backpack":1,"minecraft:iron_ingot":11,"minecraft:wheat_seeds":2,"minecraft:yellow_terracotta":2,"chococraft:gysahl_green_seeds":4,"minecraft:music_disc_pigstep":1,"minecraft:coal":26,"alexsmobs:raw_catfish":1,"minecraft:golden_apple":2,"minecraft:flint":4,"biomesoplenty:orange_sand":1,"mca:book_romance":1,"relics:roller_skates":1,"minecraft:diorite":2,"chococraft:chocobo_drumstick_raw":1,"minecraft:fire_charge":1,"minecraft:brown_terracotta":1,"minecraft:iron_leggings":1,"minecraft:bone_meal":2,"minecraft:red_dye":2,"relics:researching_table":1,"minecraft:string":4,"minecraft:dandelion":1,"minecraft:gold_ingot":10,"minecraft:gravel":3,"minecraft:furnace":2,"undead_revamp2:huntereye":1,"minecraft:stone_axe":1,"minecraft:blackstone":4,"minecraft:light_gray_terracotta":1,"undead_revamp2:arapholia":1,"minecraft:rotten_flesh":28,"minecraft:enchanted_golden_apple":1,"minecraft:glowstone_dust":1,"minecraft:white_terracotta":1,"minecraft:salmon":8,"minecraft:red_terracotta":3,"minecraft:filled_map":2,"minecraft:leather_chestplate":2,"minecraft:stone":1,"relics:magic_mirror":1,"minecraft:andesite":2,"biomesoplenty:wildflower":1,"croptopia:roe":14,"mcwbridges:rope_birch_bridge":1,"minecraft:sandstone":1,"minecraft:iron_ore":12,"croptopia:peach":1,"quark:orange_blossom_sapling":1,"minecraft:red_sand":1,"minecraft:stone_pickaxe":1,"minecraft:terracotta":3},"minecraft:mined":{"minecraft:yellow_terracotta":2,"alexscaves:spelunkery_table":2,"minecraft:white_bed":1,"minecraft:tuff":11,"biomesoplenty:desert_grass":3,"biomesoplenty:brimstone":14,"minecraft:brewing_stand":1,"minecraft:red_sand":1,"minecraft:granite":18,"biomesoplenty:bush":1,"minecraft:acacia_log":1,"minecraft:coal_block":10,"minecraft:sandstone":1,"biomesoplenty:dune_grass":2,"minecraft:gilded_blackstone":1,"minecraft:hay_block":60,"minecraft:redstone_ore":7,"minecraft:glowstone":3,"minecraft:furnace":2,"minecraft:iron_ore":129,"minecraft:barrel":7,"minecraft:andesite":21,"croptopia:peach_crop":1,"chococraft:gysahl_green":54,"minecraft:deepslate_iron_ore":8,"minecraft:stone":114,"minecraft:blackstone":2,"biomesoplenty:orange_sand":3,"minecraft:orange_terracotta":5,"minecraft:crafting_table":1,"minecraft:light_gray_terracotta":1,"minecraft:torch":1,"minecraft:poppy":4,"quark:blossom_log":71,"minecraft:cobblestone":24,"biomesoplenty:sprout":1,"minecraft:deepslate_gold_ore":1,"minecraft:diorite":3,"minecraft:wall_torch":10,"minecraft:white_terracotta":1,"minecraft:red_terracotta":3,"minecraft:oak_log":8,"minecraft:grass":3,"minecraft:coal_ore":14,"minecraft:gravel":6,"minecraft:cobweb":1,"minecraft:terracotta":3,"minecraft:brown_terracotta":1,"minecraft:netherrack":18,"minecraft:gold_ore":7,"minecraft:deepslate":74,"minecraft:fern":3},"minecraft:used":{"minecraft:oak_fence":24,"simplyswords:iron_claymore":217,"mcwbridges:rope_birch_bridge":9,"biomesoplenty:brimstone":12,"friendsandfoes:mauler_spawn_egg":1,"minecraft:iron_shovel":1,"minecraft:stone_shovel":5,"minecraft:stone":104,"lootr:trophy":1,"minecraft:bell":1,"minecraft:netherrack":18,"minecraft:oak_door":1,"minecraft:torch":91,"minecraft:anvil":1,"minecraft:tuff":11,"minecraft:granite":17,"minecraft:oak_fence_gate":2,"minecraft:obsidian":2,"minecraft:glass":62,"alexsmobs:mimic_octopus_bucket":1,"minecraft:iron_axe":11,"biomesoplenty:orange_sand":1,"minecraft:barrel":13,"alexscaves:spelunkery_table":2,"chococraft:yellow_chocobo_spawn_egg":1,"quark:blossom_chest":2,"minecraft:golden_carrot":2,"minecraft:furnace":5,"minecraft:minecart":2,"immersive_aircraft:biplane":1,"mcwbridges:birch_log_bridge_stair":5,"minecraft:cobbled_deepslate":74,"minecraft:orange_terracotta":5,"minecraft:water_bucket":34,"minecraft:diorite":2,"minecraft:cobblestone_stairs":157,"relics:researching_table":1,"monsterplus:crystal_clump":1,"minecraft:bundle":2,"minecraft:stone_pickaxe":131,"minecraft:blackstone":14,"quark:hollow_birch_log":1,"minecraft:gilded_blackstone":1,"minecraft:glow_berries":2,"minecraft:crafting_table":4,"minecraft:lime_bed":1,"friendsandfoes:wildfire_crown":1,"minecraft:crossbow":2,"minecraft:white_bed":1,"relics:horse_flute":2,"waystones:waystone":1,"minecraft:apple":1,"dramaticdoors:tall_oak_door":2,"dramaticdoors:short_oak_door":1,"chococraft:gysahl_green_seeds":2,"minecraft:bread":114,"minecraft:iron_pickaxe":368,"minecraft:deepslate":1,"minecraft:stone_axe":82,"minecraft:diamond_sword":3,"minecraft:cobblestone":1283,"minecraft:andesite":18,"minecraft:bucket":34,"chococraft:gysahl_green":21,"minecraft:stripped_oak_log":1},"minecraft:picked_up":{"minecraft:crafting_table":1,"chococraft:loverly_gysahl_green":7,"croptopia:peach":1,"minecraft:gold_block":2,"minecraft:gilded_blackstone":1,"minecraft:brewing_stand":1,"minecraft:string":12,"relics:magic_mirror":2,"immersive_aircraft:biplane":1,"minecraft:blackstone":18,"biomesoplenty:brimstone":14,"minecraft:red_sand":1,"minecraft:cobbled_deepslate":74,"minecraft:coal_block":10,"biomesoplenty:wildflower":1,"minecraft:poppy":4,"minecraft:enchanted_golden_apple":1,"minecraft:minecart":1,"minecraft:furnace":4,"relics:magma_walker":1,"minecraft:raw_iron":135,"minecraft:sandstone":1,"minecraft:stone":1,"minecraft:brown_terracotta":1,"relics:rage_glove":2,"minecraft:acacia_log":1,"minecraft:torch":12,"minecraft:fire_charge":1,"quark:blossom_log":70,"minecraft:diorite":7,"minecraft:carrot":1,"minecraft:redstone":31,"monsterplus:crystal_clump":1,"minecraft:arrow":2,"minecraft:rotten_flesh":28,"quark:orange_blossom_sapling":1,"relics:horse_flute":2,"minecraft:hay_block":60,"alexscaves:spelunkery_table":2,"undead_revamp2:arapholia":1,"minecraft:yellow_terracotta":2,"chococraft:chocobo_drumstick_raw":1,"minecraft:gold_ingot":1,"minecraft:white_terracotta":1,"minecraft:mutton":7,"minecraft:white_wool":5,"minecraft:obsidian":2,"biomesoplenty:orange_sand":2,"minecraft:cobblestone":189,"minecraft:stripped_oak_log":1,"relics:roller_skates":2,"minecraft:leather_chestplate":1,"minecraft:andesite":22,"minecraft:salmon":16,"minecraft:flint":4,"minecraft:oak_log":8,"minecraft:tuff":11,"undead_revamp2:huntereye":2,"mca:book_romance":1,"minecraft:dirt":13,"minecraft:orange_terracotta":5,"chococraft:chocobo_feather":4,"minecraft:bone":8,"chococraft:gysahl_green":151,"chococraft:gold_gysahl":6,"minecraft:wheat_seeds":2,"minecraft:raw_gold":7,"minecraft:iron_ingot":11,"minecraft:iron_ore":12,"minecraft:glowstone_dust":9,"croptopia:roe":28,"minecraft:dandelion":1,"minecraft:gravel":10,"chococraft:gysahl_green_seeds":55,"minecraft:white_bed":1,"minecraft:red_terracotta":3,"minecraft:barrel":7,"minecraft:bundle":1,"alexsmobs:raw_catfish":1,"minecraft:light_gray_terracotta":1,"minecraft:deepslate":1,"monsterplus:crystal_shard":5,"waystones:waystone":1,"croptopia:orange":5,"minecraft:granite":20,"minecraft:bone_meal":2,"relics:researching_table":1,"minecraft:golden_apple":2,"minecraft:emerald":2,"minecraft:bread":16,"minecraft:terracotta":3,"minecraft:netherrack":18,"relics:space_dissector":1,"minecraft:coal":39},"minecraft:broken":{"minecraft:stone_pickaxe":1,"minecraft:iron_pickaxe":1},"minecraft:custom":{"lootr:looted_stat":34,"minecraft:interact_with_anvil":1,"minecraft:mob_kills":78,"minecraft:interact_with_crafting_table":14,"minecraft:open_barrel":147,"goblintraders:trade_with_goblin":33,"minecraft:bell_ring":7,"minecraft:damage_dealt_resisted":44,"minecraft:leave_game":3,"minecraft:time_since_death":28649,"minecraft:climb_one_cm":3015,"minecraft:sprint_one_cm":752068,"minecraft:walk_one_cm":830820,"minecraft:drop":92,"minecraft:talked_to_villager":3,"minecraft:deaths":2,"minecraft:play_time":275044,"minecraft:sneak_time":12013,"minecraft:walk_under_water_one_cm":69444,"minecraft:jump":4445,"minecraft:walk_on_water_one_cm":40151,"minecraft:total_world_time":275044,"minecraft:interact_with_furnace":12,"minecraft:interact_with_loom":3,"minecraft:sleep_in_bed":3,"minecraft:time_since_rest":11875,"minecraft:waystone_activated":10,"minecraft:damage_taken":5635,"minecraft:minecart_one_cm":864,"minecraft:damage_dealt":14261,"minecraft:fly_one_cm":1381701,"minecraft:swim_one_cm":110240,"minecraft:open_chest":8,"minecraft:crouch_one_cm":30607,"minecraft:fall_one_cm":152803,"minecraft:horse_one_cm":281},"minecraft:killed_by":{"minecraft:vindicator":1},"minecraft:crafted":{"quark:blossom_planks_slab":6,"minecraft:oak_planks":36,"minecraft:iron_axe":1,"relics:researching_table":1,"minecraft:minecart":1,"minecraft:wheat":513,"minecraft:red_dye":4,"quark:blossom_planks":280,"minecraft:crafting_table":3,"minecraft:red_wool":2,"minecraft:glowstone":2,"minecraft:bread":171,"minecraft:air":0,"minecraft:white_wool":2,"minecraft:stick":40,"minecraft:iron_ingot":60,"minecraft:iron_pickaxe":1,"chococraft:chocobo_saddle":1,"minecraft:iron_shovel":1,"minecraft:gold_ingot":18,"minecraft:white_bed":1,"minecraft:acacia_planks":4},"minecraft:killed":{"alexsmobs:mimic_octopus":1,"minecraft:cave_spider":4,"undead_revamp2:thehunter":3,"minecraft:vindicator":4,"minecraft:spider":1,"undead_revamp2:thesmoker":1,"monsterplus:crystal_zombie":7,"minecraft:skeleton":6,"minecraft:drowned":2,"minecraft:piglin_brute":5,"undead_revamp2:sucker":1,"undead_revamp2:thespitter":1,"minecraft:piglin":2,"minecraft:salmon":9,"undead_revamp2:the_moonflower":5,"minecraft:sheep":5,"alexsmobs:catfish":1,"minecraft:pillager":8,"undead_revamp2:thesomnolence":5,"minecraft:zombie":4,"minecraft:ghast":1,"undead_revamp2:theskeeper":1,"chococraft:chocobo":1}},"DataVersion":3465}