{"stats":{"minecraft:mined":{"minecraft:spruce_planks":6,"minecraft:cherry_log":138,"minecraft:jungle_leaves":1,"biomesoplenty:brimstone":37,"minecraft:granite":9,"minecraft:chiseled_polished_blackstone":1,"minecraft:grass_block":71,"minecraft:jungle_log":2,"minecraft:cracked_polished_blackstone_bricks":50,"minecraft:coal_block":2,"minecraft:spawner":2,"minecraft:polished_blackstone_bricks":80,"minecraft:magma_block":1,"minecraft:sculk_catalyst":1,"ironfurnaces:gold_furnace":6,"minecraft:iron_ore":49,"minecraft:fire":6,"minecraft:azure_bluet":2,"minecraft:azalea_leaves":1,"minecraft:end_stone_bricks":1,"minecraft:spruce_slab":1,"minecraft:cut_sandstone":3,"minecraft:blackstone":20,"minecraft:calcite":2,"minecraft:dead_bush":1,"minecraft:cobblestone":25,"minecraft:oak_planks":7,"minecraft:wall_torch":14,"minecraft:amethyst_block":3,"minecraft:pink_petals":34,"minecraft:seagrass":1,"minecraft:blue_terracotta":2,"tropicraft:pineapple":3,"minecraft:grass":164,"minecraft:oak_log":53,"minecraft:sand":120,"minecraft:dirt":23,"minecraft:stripped_birch_wood":2,"minecraft:smooth_basalt":4,"minecraft:netherrack":102,"minecraft:oak_leaves":7,"minecraft:deepslate":4,"minecraft:tuff":4,"minecraft:mossy_cobblestone":6,"biomesoplenty:dune_grass":4,"minecraft:redstone_ore":3,"minecraft:furnace":3,"minecraft:polished_basalt":4,"minecraft:suspicious_sand":1,"minecraft:andesite":19,"biomesoplenty:brimstone_bud":3,"minecraft:vine":1,"minecraft:stripped_oak_log":1,"minecraft:bamboo":1,"minecraft:stone":351,"minecraft:bone_block":22,"biomesoplenty:brimstone_cluster":1,"biomesoplenty:orange_sand":1,"minecraft:basalt":6,"minecraft:dandelion":3,"minecraft:crafting_table":1,"minecraft:sculk_sensor":3,"minecraft:tall_grass":12,"minecraft:copper_ore":13,"biomesoplenty:sprout":14,"minecraft:deepslate_gold_ore":16,"minecraft:diorite":34,"biomesoplenty:brimstone_bricks":4,"ironfurnaces:diamond_furnace":3,"minecraft:purple_concrete":2,"minecraft:coal_ore":34,"minecraft:gravel":17,"minecraft:cobweb":53,"minecraft:terracotta":5,"minecraft:stripped_acacia_wood":1,"minecraft:stone_bricks":5,"minecraft:gold_ore":6,"minecraft:fern":19},"minecraft:dropped":{"minecraft:gold_ore":7,"minecraft:lapis_lazuli":7,"minecraft:glow_ink_sac":1,"minecraft:diamond":2,"minecraft:rail":58,"minecraft:iron_pickaxe":1,"minecraft:gold_ingot":11,"minecraft:gravel":4,"minecraft:blackstone":1,"minecraft:rotten_flesh":2,"minecraft:oak_planks":3,"minecraft:enchanted_golden_apple":1,"minecraft:glowstone_dust":1,"relics:space_dissector":1,"minecraft:gunpowder":2,"minecraft:arrow":10,"minecraft:golden_boots":1,"minecraft:bread":16,"minecraft:wheat_seeds":4,"minecraft:golden_apple":1,"alexsmobs:raw_catfish":1,"minecraft:ink_sac":2,"biomesoplenty:brimstone":1,"minecraft:spider_eye":1,"waystones:waystone":1},"minecraft:used":{"minecraft:iron_shovel":230,"minecraft:bone_block":11,"minecraft:polished_basalt":4,"minecraft:chest":2,"minecraft:iron_chestplate":1,"minecraft:jungle_planks":8,"minecraft:tuff":3,"minecraft:spruce_boat":2,"tropicraft:pineapple":1,"minecraft:grass_block":126,"biomesoplenty:brimstone_bricks":8,"minecraft:iron_helmet":2,"deeperdarker:warden_axe":147,"minecraft:stone_bricks":33,"minecraft:furnace":3,"minecraft:chiseled_polished_blackstone":1,"minecraft:diorite":32,"minecraft:end_stone_bricks":1,"minecraft:stone_pickaxe":79,"minecraft:oak_planks":3,"minecraft:blackstone":20,"minecraft:glow_berries":2,"minecraft:black_bed":1,"minecraft:squid_spawn_egg":6,"waystones:waystone":3,"minecraft:crying_obsidian":1,"minecraft:bread":64,"minecraft:stone_button":1,"minecraft:gravel":8,"simplyswords:frostfall":31,"minecraft:diamond_sword":53,"minecraft:andesite":14,"minecraft:pink_stained_glass":42,"simplyswords:iron_glaive":73,"minecraft:golden_pickaxe":32,"minecraft:experience_bottle":3,"undead_revamp2:theheavy_spawn_egg":1,"ironfurnaces:gold_furnace":6,"minecraft:jungle_leaves":1,"biomesoplenty:brimstone":31,"minecraft:netherrack":32,"minecraft:torch":189,"minecraft:dirt":320,"ironfurnaces:diamond_furnace":4,"minecraft:granite":1,"minecraft:iron_hoe":53,"minecraft:wooden_axe":56,"alexsmobs:maggot":1,"minecraft:iron_axe":31,"biomesoplenty:orange_sand":3,"minecraft:basalt":5,"minecraft:golden_carrot":26,"ironchest:gold_chest":3,"minecraft:minecart":1,"minecraft:cherry_log":192,"minecraft:cherry_fence":2,"quark:diamond_heart":1,"minecraft:iron_leggings":1,"alexsmobs:cooked_catfish":1,"minecraft:bundle":3,"minecraft:baked_potato":2,"minecraft:cherry_planks":286,"minecraft:polished_blackstone_bricks":79,"minecraft:terracotta":5,"minecraft:crafting_table":5,"modernlife:glass_door":1,"simplyswords:iron_twinblade":135,"minecraft:apple":2,"chococraft:gysahl_green_seeds":2,"dramaticdoors:tall_cherry_door":4,"minecraft:cracked_polished_blackstone_bricks":43,"minecraft:iron_pickaxe":849,"minecraft:cobblestone":139,"minecraft:cherry_stairs":199,"ironfurnaces:emerald_furnace":2,"minecraft:cooked_porkchop":1,"minecraft:pumpkin_pie":4,"minecraft:dandelion":1,"alexsmobs:emu_leggings":1},"minecraft:picked_up":{"quark:diamond_heart":2,"minecraft:wheat":2,"minecraft:lead":1,"minecraft:potion":1,"minecraft:amethyst_block":3,"minecraft:string":51,"minecraft:raw_copper":39,"minecraft:iron_leggings":1,"biomesoplenty:brimstone":37,"minecraft:cobbled_deepslate":4,"minecraft:spruce_planks":9,"minecraft:azalea":1,"minecraft:calcite":2,"minecraft:iron_pickaxe":1,"minecraft:enchanted_golden_apple":1,"minecraft:coal_block":2,"minecraft:iron_boots":1,"minecraft:furnace":3,"minecraft:stick":17,"minecraft:torch":14,"minecraft:cherry_log":36,"minecraft:diorite":32,"minecraft:rotten_flesh":25,"minecraft:polished_basalt":4,"minecraft:stripped_birch_wood":3,"minecraft:obsidian":1,"minecraft:cod":2,"undead_revamp2:arapholia":3,"minecraft:cobblestone":322,"minecraft:pink_petals":195,"minecraft:magma_block":1,"relics:roller_skates":1,"minecraft:magma_cream":1,"minecraft:andesite":17,"minecraft:jungle_log":2,"tropicraft:pineapple":1,"minecraft:tuff":3,"minecraft:dirt":74,"minecraft:lapis_lazuli":7,"minecraft:bone":20,"biomesoplenty:brimstone_bricks":4,"minecraft:bow":1,"minecraft:wheat_seeds":49,"minecraft:raw_gold":22,"minecraft:bamboo":36,"minecraft:glowstone_dust":1,"minecraft:oak_planks":23,"minecraft:chiseled_polished_blackstone":1,"minecraft:stripped_acacia_wood":9,"minecraft:sand":119,"sophisticatedbackpacks:iron_backpack":1,"minecraft:ink_sac":4,"minecraft:spectral_arrow":1,"minecraft:mossy_cobblestone":6,"undead_revamp2:heavytooth":1,"minecraft:bundle":2,"minecraft:blue_terracotta":2,"minecraft:diamond":3,"minecraft:spruce_boat":2,"waystones:waystone":1,"minecraft:cracked_polished_blackstone_bricks":45,"minecraft:granite":4,"minecraft:golden_apple":1,"alexsmobs:maggot":1,"minecraft:oak_sapling":11,"minecraft:netherrack":91,"relics:space_dissector":1,"minecraft:end_stone_bricks":1,"minecraft:crafting_table":1,"minecraft:bee_nest":1,"minecraft:azure_bluet":4,"minecraft:splash_potion":1,"minecraft:cornflower":1,"minecraft:moss_carpet":2,"minecraft:blackstone":21,"ironfurnaces:diamond_furnace":3,"minecraft:spruce_slab":1,"minecraft:minecart":1,"minecraft:raw_iron":50,"relics:rage_glove":1,"minecraft:fire_charge":1,"minecraft:polished_blackstone_bricks":79,"minecraft:stone_button":1,"minecraft:redstone":13,"minecraft:arrow":30,"ironfurnaces:gold_furnace":6,"minecraft:gold_ingot":7,"relics:reflection_necklace":1,"minecraft:glow_berries":1,"biomesoplenty:orange_sand":3,"minecraft:rail":59,"minecraft:bone_block":25,"minecraft:oxeye_daisy":2,"minecraft:basalt":5,"minecraft:golden_carrot":1,"minecraft:glow_ink_sac":2,"minecraft:salmon":1,"minecraft:cut_sandstone":2,"minecraft:filled_map":1,"minecraft:oak_log":51,"minecraft:gunpowder":5,"chococraft:gysahl_green":5,"minecraft:apple":2,"minecraft:stone_bricks":5,"chococraft:gold_gysahl":1,"minecraft:iron_ingot":2,"minecraft:stone_pickaxe":1,"minecraft:soul_sand":3,"minecraft:purple_concrete":2,"minecraft:smooth_basalt":4,"minecraft:dandelion":11,"minecraft:gravel":12,"chococraft:gysahl_green_seeds":2,"minecraft:gold_ore":7,"minecraft:spider_eye":2,"alexsmobs:raw_catfish":3,"minecraft:cherry_sapling":29,"minecraft:terracotta":5,"minecraft:baked_potato":3,"minecraft:coal":98},"minecraft:broken":{"minecraft:iron_pickaxe":3,"minecraft:golden_pickaxe":1},"minecraft:custom":{"lootr:looted_stat":48,"minecraft:interact_with_crafting_table":57,"minecraft:open_barrel":16,"goblintraders:trade_with_goblin":34,"minecraft:leave_game":5,"minecraft:time_since_death":139757,"minecraft:damage_resisted":80,"minecraft:sprint_one_cm":841257,"minecraft:drop":34,"minecraft:talked_to_villager":3,"minecraft:play_time":292788,"minecraft:deaths":7,"minecraft:jump":5266,"minecraft:walk_on_water_one_cm":29724,"minecraft:interact_with_furnace":163,"minecraft:interact_with_loom":4,"minecraft:sleep_in_bed":9,"minecraft:waystone_activated":10,"minecraft:damage_dealt":12068,"minecraft:crouch_one_cm":29661,"minecraft:mob_kills":64,"minecraft:damage_dealt_resisted":1067,"minecraft:climb_one_cm":1382,"minecraft:walk_one_cm":570327,"minecraft:sneak_time":10943,"minecraft:walk_under_water_one_cm":33074,"minecraft:total_world_time":292788,"minecraft:time_since_rest":7681,"minecraft:damage_taken":6582,"minecraft:damage_absorbed":8,"minecraft:minecart_one_cm":1505,"minecraft:swim_one_cm":95407,"minecraft:fly_one_cm":1428521,"minecraft:open_chest":227,"minecraft:fall_one_cm":205423},"minecraft:killed_by":{"undead_revamp2:thesomnolence":1,"undead_revamp2:thespitter":1},"minecraft:crafted":{"minecraft:smooth_stone":0,"minecraft:oak_planks":204,"ironfurnaces:iron_furnace":3,"minecraft:stone":0,"quark:cherry_chest":2,"ironfurnaces:diamond_furnace":3,"minecraft:glass":0,"alexsmobs:cooked_catfish":0,"minecraft:stone_bricks":28,"minecraft:crafting_table":5,"minecraft:baked_potato":1,"minecraft:iron_helmet":1,"minecraft:copper_ingot":50,"minecraft:gold_block":3,"simplyswords:iron_glaive":1,"minecraft:iron_chestplate":1,"minecraft:stick":68,"quark:oak_chest":1,"minecraft:iron_ingot":118,"minecraft:iron_pickaxe":2,"minecraft:iron_block":1,"minecraft:gold_ingot":33,"minecraft:netherite_ingot":3,"minecraft:coal":19,"ironfurnaces:gold_furnace":3,"ironfurnaces:emerald_furnace":2,"minecraft:leather":4,"minecraft:iron_hoe":1,"minecraft:spruce_boat":1,"minecraft:netherite_scrap":0,"minecraft:dark_oak_planks":4,"minecraft:minecart":1,"ironchest:gold_chest":3,"biomesoplenty:brimstone_bricks":4,"crafting_on_a_stick:crafting_table":1,"minecraft:bread":29,"minecraft:air":0,"minecraft:jungle_planks":8,"minecraft:wooden_axe":1,"minecraft:torch":36,"ironchest:iron_chest":3},"minecraft:killed":{"minecraft:cave_spider":4,"minecraft:spider":1,"undead_revamp2:theswarmer":2,"minecraft:skeleton":10,"monsterplus:glow_skeleton":3,"minecraft:bee":1,"undead_revamp2:crackleball":1,"minecraft:piglin":2,"quark:stoneling":2,"minecraft:creeper":2,"undead_revamp2:theordure":1,"minecraft:zombie":12,"undead_revamp2:theskeeper":1,"alexsmobs:fly":1,"undead_revamp2:thehunter":1,"quark:toretoise":2,"undead_revamp2:the_moonflower":3,"supernatural:mer_emerald":1,"minecraft:squid":1,"alexsmobs:catfish":2,"undead_revamp2:thesomnolence":7,"creeperoverhaul:ocean_creeper":1,"minecraft:wither_skeleton":1,"monsterplus:overgrown_skeleton":1,"minecraft:enderman":1}},"DataVersion":3465}