{"stats":{"minecraft:crafted":{"minecraft:oak_planks":196,"minecraft:coal":1,"minecraft:leather":4,"minecraft:minecart":1,"minecraft:crafting_table":4,"minecraft:iron_helmet":1,"minecraft:baked_potato":1,"biomesoplenty:brimstone_bricks":4,"minecraft:copper_ingot":50,"crafting_on_a_stick:crafting_table":1,"minecraft:air":0,"simplyswords:iron_glaive":1,"minecraft:iron_chestplate":1,"minecraft:stick":52,"minecraft:iron_ingot":42,"minecraft:iron_pickaxe":1,"minecraft:wooden_axe":1,"minecraft:gold_ingot":33},"minecraft:mined":{"minecraft:tuff":4,"minecraft:mossy_cobblestone":6,"minecraft:cherry_log":138,"biomesoplenty:brimstone":37,"minecraft:granite":9,"minecraft:chiseled_polished_blackstone":1,"minecraft:grass_block":29,"minecraft:cracked_polished_blackstone_bricks":50,"biomesoplenty:dune_grass":4,"minecraft:spawner":2,"minecraft:polished_blackstone_bricks":54,"minecraft:redstone_ore":3,"minecraft:sculk_catalyst":1,"minecraft:polished_basalt":4,"minecraft:iron_ore":49,"minecraft:fire":6,"minecraft:andesite":19,"biomesoplenty:brimstone_bud":3,"minecraft:stripped_oak_log":1,"minecraft:azalea_leaves":1,"minecraft:stone":340,"biomesoplenty:brimstone_cluster":1,"minecraft:blackstone":20,"biomesoplenty:orange_sand":1,"minecraft:basalt":6,"minecraft:crafting_table":1,"minecraft:calcite":2,"minecraft:dead_bush":1,"minecraft:sculk_sensor":3,"minecraft:copper_ore":13,"minecraft:tall_grass":3,"minecraft:cobblestone":21,"biomesoplenty:sprout":13,"minecraft:deepslate_gold_ore":16,"minecraft:oak_planks":3,"minecraft:diorite":34,"minecraft:wall_torch":12,"minecraft:amethyst_block":3,"biomesoplenty:brimstone_bricks":4,"tropicraft:pineapple":3,"minecraft:grass":22,"minecraft:oak_log":51,"minecraft:coal_ore":20,"minecraft:gravel":17,"minecraft:dirt":20,"minecraft:cobweb":53,"minecraft:smooth_basalt":4,"minecraft:netherrack":102,"minecraft:gold_ore":6,"minecraft:oak_leaves":4,"minecraft:deepslate":4,"minecraft:fern":4},"minecraft:picked_up":{"quark:diamond_heart":2,"minecraft:crafting_table":1,"minecraft:bee_nest":1,"minecraft:azure_bluet":2,"minecraft:splash_potion":1,"minecraft:potion":1,"minecraft:amethyst_block":3,"minecraft:string":51,"minecraft:moss_carpet":2,"minecraft:raw_copper":39,"minecraft:iron_leggings":1,"minecraft:blackstone":21,"biomesoplenty:brimstone":35,"minecraft:cobbled_deepslate":4,"minecraft:calcite":2,"minecraft:azalea":1,"minecraft:enchanted_golden_apple":1,"minecraft:iron_pickaxe":1,"minecraft:minecart":1,"minecraft:iron_boots":1,"minecraft:stick":17,"minecraft:raw_iron":50,"minecraft:torch":12,"minecraft:fire_charge":1,"minecraft:polished_blackstone_bricks":53,"minecraft:cherry_log":36,"minecraft:stone_button":1,"minecraft:diorite":32,"minecraft:redstone":13,"minecraft:arrow":10,"minecraft:rotten_flesh":14,"minecraft:polished_basalt":4,"minecraft:gold_ingot":6,"minecraft:obsidian":1,"minecraft:rail":30,"biomesoplenty:orange_sand":3,"minecraft:cobblestone":307,"minecraft:oxeye_daisy":2,"minecraft:pink_petals":136,"relics:roller_skates":1,"minecraft:basalt":5,"minecraft:magma_cream":1,"minecraft:glow_ink_sac":1,"minecraft:andesite":17,"tropicraft:pineapple":1,"minecraft:filled_map":1,"minecraft:tuff":3,"minecraft:oak_log":49,"minecraft:gunpowder":2,"minecraft:dirt":30,"minecraft:bone":10,"biomesoplenty:brimstone_bricks":4,"minecraft:apple":2,"minecraft:bow":1,"minecraft:wheat_seeds":19,"minecraft:raw_gold":22,"minecraft:stone_pickaxe":1,"minecraft:iron_ingot":2,"minecraft:bamboo":25,"minecraft:glowstone_dust":1,"minecraft:soul_sand":3,"minecraft:oak_planks":7,"minecraft:chiseled_polished_blackstone":1,"minecraft:smooth_basalt":4,"minecraft:dandelion":7,"minecraft:gravel":12,"sophisticatedbackpacks:iron_backpack":1,"minecraft:ink_sac":2,"minecraft:spectral_arrow":1,"minecraft:spider_eye":2,"minecraft:mossy_cobblestone":6,"undead_revamp2:heavytooth":1,"alexsmobs:raw_catfish":1,"minecraft:bundle":2,"minecraft:diamond":2,"minecraft:cracked_polished_blackstone_bricks":45,"minecraft:granite":4,"minecraft:cherry_sapling":29,"minecraft:golden_apple":1,"alexsmobs:maggot":1,"relics:space_dissector":1,"minecraft:oak_sapling":11,"minecraft:netherrack":91,"minecraft:coal":20},"minecraft:broken":{"minecraft:iron_pickaxe":3,"minecraft:golden_pickaxe":1},"minecraft:custom":{"lootr:looted_stat":20,"minecraft:mob_kills":40,"minecraft:interact_with_crafting_table":8,"goblintraders:trade_with_goblin":34,"minecraft:damage_dealt_resisted":11,"minecraft:leave_game":4,"minecraft:time_since_death":10022,"minecraft:climb_one_cm":1026,"minecraft:sprint_one_cm":544050,"minecraft:walk_one_cm":363899,"minecraft:drop":23,"minecraft:play_time":163053,"minecraft:deaths":7,"minecraft:sneak_time":8508,"minecraft:walk_under_water_one_cm":17131,"minecraft:jump":3237,"minecraft:walk_on_water_one_cm":10033,"minecraft:total_world_time":163053,"minecraft:interact_with_furnace":26,"minecraft:interact_with_loom":3,"minecraft:sleep_in_bed":5,"minecraft:time_since_rest":9893,"minecraft:waystone_activated":8,"minecraft:damage_taken":4911,"minecraft:damage_absorbed":8,"minecraft:damage_dealt":7426,"minecraft:minecart_one_cm":1505,"minecraft:fly_one_cm":870398,"minecraft:swim_one_cm":28860,"minecraft:open_chest":33,"minecraft:crouch_one_cm":19956,"minecraft:fall_one_cm":117642},"minecraft:dropped":{"minecraft:golden_boots":1,"minecraft:bread":16,"minecraft:wheat_seeds":2,"minecraft:diamond":1,"minecraft:rail":29,"minecraft:golden_apple":1,"minecraft:iron_pickaxe":1,"minecraft:gold_ingot":11,"minecraft:gravel":4,"minecraft:blackstone":1,"minecraft:rotten_flesh":2,"minecraft:oak_planks":3,"minecraft:enchanted_golden_apple":1,"minecraft:glowstone_dust":1,"relics:space_dissector":1,"minecraft:gunpowder":2,"minecraft:spider_eye":1,"waystones:waystone":1},"minecraft:killed_by":{"undead_revamp2:thesomnolence":1,"undead_revamp2:thespitter":1},"minecraft:used":{"undead_revamp2:theheavy_spawn_egg":1,"minecraft:jungle_leaves":1,"biomesoplenty:brimstone":31,"minecraft:iron_shovel":67,"minecraft:polished_basalt":4,"minecraft:chest":2,"minecraft:netherrack":32,"minecraft:iron_chestplate":1,"minecraft:torch":151,"minecraft:dirt":145,"minecraft:tuff":3,"minecraft:granite":1,"minecraft:wooden_axe":56,"alexsmobs:maggot":1,"tropicraft:pineapple":1,"minecraft:grass_block":126,"minecraft:iron_axe":7,"biomesoplenty:brimstone_bricks":8,"minecraft:iron_helmet":1,"biomesoplenty:orange_sand":3,"deeperdarker:warden_axe":147,"minecraft:basalt":5,"minecraft:golden_carrot":7,"minecraft:furnace":3,"minecraft:minecart":1,"minecraft:cherry_fence":2,"minecraft:cherry_log":192,"quark:diamond_heart":1,"minecraft:chiseled_polished_blackstone":1,"minecraft:diorite":32,"minecraft:bundle":1,"minecraft:stone_pickaxe":61,"minecraft:baked_potato":1,"minecraft:oak_planks":3,"minecraft:blackstone":20,"minecraft:cherry_planks":286,"minecraft:polished_blackstone_bricks":32,"minecraft:glow_berries":1,"minecraft:crafting_table":4,"modernlife:glass_door":1,"simplyswords:iron_twinblade":135,"minecraft:black_bed":1,"minecraft:squid_spawn_egg":6,"waystones:waystone":2,"minecraft:apple":2,"dramaticdoors:tall_cherry_door":4,"minecraft:cracked_polished_blackstone_bricks":43,"minecraft:bread":55,"minecraft:iron_pickaxe":753,"minecraft:stone_button":1,"minecraft:gravel":8,"minecraft:diamond_sword":3,"minecraft:cobblestone":121,"minecraft:cherry_stairs":199,"minecraft:cooked_porkchop":1,"minecraft:andesite":14,"minecraft:pink_stained_glass":42,"simplyswords:iron_glaive":73,"minecraft:golden_pickaxe":32,"alexsmobs:emu_leggings":1},"minecraft:killed":{"minecraft:cave_spider":4,"undead_revamp2:thehunter":1,"minecraft:spider":1,"quark:toretoise":2,"undead_revamp2:theswarmer":2,"minecraft:skeleton":5,"monsterplus:glow_skeleton":3,"minecraft:bee":1,"undead_revamp2:crackleball":1,"minecraft:piglin":2,"quark:stoneling":2,"minecraft:creeper":1,"minecraft:squid":1,"undead_revamp2:theordure":1,"alexsmobs:catfish":1,"undead_revamp2:thesomnolence":6,"minecraft:zombie":4,"undead_revamp2:theskeeper":1,"alexsmobs:fly":1}},"DataVersion":3465}