{
  "comforts:sleeping_bag_light_blue": {
    "criteria": {
      "has_the_recipe": "2024-05-26 21:02:16 +0000"
    },
    "done": true
  },
  "naturescompass:natures_compass": {
    "criteria": {
      "has_recipe": "2024-05-26 21:02:16 +0000"
    },
    "done": true
  },
  "comforts:sleeping_bag_black": {
    "criteria": {
      "has_the_recipe": "2024-05-26 21:02:16 +0000"
    },
    "done": true
  },
  "comforts:hammock_purple": {
    "criteria": {
      "has_the_recipe": "2024-05-26 21:02:16 +0000"
    },
    "done": true
  },
  "comforts:hammock_lime": {
    "criteria": {
      "has_the_recipe": "2024-05-26 21:02:16 +0000"
    },
    "done": true
  },
  "comforts:sleeping_bag_pink": {
    "criteria": {
      "has_the_recipe": "2024-05-26 21:02:16 +0000"
    },
    "done": true
  },
  "naturescompass:natures_compass_sapling": {
    "criteria": {
      "has_recipe": "2024-05-26 21:02:16 +0000"
    },
    "done": true
  },
  "comforts:hammock_magenta": {
    "criteria": {
      "has_the_recipe": "2024-05-26 21:02:16 +0000"
    },
    "done": true
  },
  "comforts:sleeping_bag_red": {
    "criteria": {
      "has_the_recipe": "2024-05-26 21:02:16 +0000"
    },
    "done": true
  },
  "comforts:sleeping_bag_orange": {
    "criteria": {
      "has_the_recipe": "2024-05-26 21:02:16 +0000"
    },
    "done": true
  },
  "comforts:hammock_red": {
    "criteria": {
      "has_the_recipe": "2024-05-26 21:02:16 +0000"
    },
    "done": true
  },
  "comforts:hammock_blue": {
    "criteria": {
      "has_the_recipe": "2024-05-26 21:02:16 +0000"
    },
    "done": true
  },
  "mca:recipes/building_blocks/headstones": {
    "criteria": {
      "has_the_slanted_recipe": "2024-05-26 21:02:16 +0000"
    },
    "done": true
  },
  "comforts:hammock_white": {
    "criteria": {
      "has_the_recipe": "2024-05-26 21:02:16 +0000"
    },
    "done": true
  },
  "comforts:hammock_light_gray": {
    "criteria": {
      "has_the_recipe": "2024-05-26 21:02:16 +0000"
    },
    "done": true
  },
  "comforts:sleeping_bag_white": {
    "criteria": {
      "has_the_recipe": "2024-05-26 21:02:16 +0000"
    },
    "done": true
  },
  "comforts:sleeping_bag_brown": {
    "criteria": {
      "has_the_recipe": "2024-05-26 21:02:16 +0000"
    },
    "done": true
  },
  "comforts:sleeping_bag_gray": {
    "criteria": {
      "has_the_recipe": "2024-05-26 21:02:16 +0000"
    },
    "done": true
  },
  "comforts:rope_and_nail": {
    "criteria": {
      "has_the_recipe": "2024-05-26 21:02:16 +0000"
    },
    "done": true
  },
  "lootr:root": {
    "criteria": {
      "always_true": "2024-05-26 21:02:16 +0000"
    },
    "done": true
  },
  "comforts:sleeping_bag_cyan": {
    "criteria": {
      "has_the_recipe": "2024-05-26 21:02:16 +0000"
    },
    "done": true
  },
  "dungeons_arise:wda_root": {
    "criteria": {
      "WDA": "2024-05-26 21:02:16 +0000"
    },
    "done": true
  },
  "comforts:hammock_pink": {
    "criteria": {
      "has_the_recipe": "2024-05-26 21:02:16 +0000"
    },
    "done": true
  },
  "comforts:hammock_brown": {
    "criteria": {
      "has_the_recipe": "2024-05-26 21:02:16 +0000"
    },
    "done": true
  },
  "comforts:sleeping_bag_light_gray": {
    "criteria": {
      "has_the_recipe": "2024-05-26 21:02:16 +0000"
    },
    "done": true
  },
  "comforts:hammock_black": {
    "criteria": {
      "has_the_recipe": "2024-05-26 21:02:16 +0000"
    },
    "done": true
  },
  "comforts:sleeping_bag_lime": {
    "criteria": {
      "has_the_recipe": "2024-05-26 21:02:16 +0000"
    },
    "done": true
  },
  "undead_revamp2:theundeadchallenges": {
    "criteria": {
      "theundeadchallenges": "2024-05-26 21:02:16 +0000"
    },
    "done": true
  },
  "comforts:hammock_yellow": {
    "criteria": {
      "has_the_recipe": "2024-05-26 21:02:16 +0000"
    },
    "done": true
  },
  "comforts:sleeping_bag_blue": {
    "criteria": {
      "has_the_recipe": "2024-05-26 21:02:16 +0000"
    },
    "done": true
  },
  "friendsandfoes:misc/yellow_dye_from_buttercup": {
    "criteria": {
      "has_the_recipe": "2024-05-26 21:02:16 +0000"
    },
    "done": true
  },
  "naturescompass:natures_compass_log": {
    "criteria": {
      "has_recipe": "2024-05-26 21:02:16 +0000"
    },
    "done": true
  },
  "comforts:hammock_gray": {
    "criteria": {
      "has_the_recipe": "2024-05-26 21:02:16 +0000"
    },
    "done": true
  },
  "simplyswords:grant_book_on_first_join": {
    "criteria": {
      "tick": "2024-05-26 21:02:16 +0000"
    },
    "done": true
  },
  "undergarden:undergarden/root": {
    "criteria": {
      "tick": "2024-05-26 21:02:16 +0000"
    },
    "done": true
  },
  "comforts:hammock_cyan": {
    "criteria": {
      "has_the_recipe": "2024-05-26 21:02:16 +0000"
    },
    "done": true
  },
  "comforts:sleeping_bag_purple": {
    "criteria": {
      "has_the_recipe": "2024-05-26 21:02:16 +0000"
    },
    "done": true
  },
  "cataclysm:root": {
    "criteria": {
      "custom_test_name": "2024-05-26 21:02:16 +0000"
    },
    "done": true
  },
  "comforts:sleeping_bag_yellow": {
    "criteria": {
      "has_the_recipe": "2024-05-26 21:02:16 +0000"
    },
    "done": true
  },
  "comforts:sleeping_bag_green": {
    "criteria": {
      "has_the_recipe": "2024-05-26 21:02:16 +0000"
    },
    "done": true
  },
  "comforts:hammock_light_blue": {
    "criteria": {
      "has_the_recipe": "2024-05-26 21:02:16 +0000"
    },
    "done": true
  },
  "ironfurnaces:coal": {
    "criteria": {
      "rainbowcoal": "2024-05-26 21:02:16 +0000"
    },
    "done": true
  },
  "comforts:hammock_orange": {
    "criteria": {
      "has_the_recipe": "2024-05-26 21:02:16 +0000"
    },
    "done": true
  },
  "comforts:sleeping_bag_magenta": {
    "criteria": {
      "has_the_recipe": "2024-05-26 21:02:16 +0000"
    },
    "done": true
  },
  "comforts:hammock_green": {
    "criteria": {
      "has_the_recipe": "2024-05-26 21:02:16 +0000"
    },
    "done": true
  },
  "minecraft:adventure/adventuring_time": {
    "criteria": {
      "minecraft:wooded_badlands": "2024-05-26 21:37:06 +0000",
      "minecraft:badlands": "2024-05-26 21:26:02 +0000",
      "minecraft:beach": "2024-05-26 21:03:40 +0000",
      "minecraft:sparse_jungle": "2024-05-26 21:04:06 +0000",
      "minecraft:river": "2024-05-26 21:03:58 +0000",
      "minecraft:lukewarm_ocean": "2024-05-26 21:54:09 +0000",
      "minecraft:stony_shore": "2024-05-26 21:06:13 +0000",
      "minecraft:forest": "2024-05-26 22:21:35 +0000",
      "minecraft:desert": "2024-05-26 22:14:20 +0000",
      "minecraft:jungle": "2024-05-26 21:02:17 +0000",
      "minecraft:warm_ocean": "2024-05-26 22:15:35 +0000",
      "minecraft:plains": "2024-05-26 21:40:40 +0000"
    },
    "done": false
  },
  "mcwroofs:recipes/oak": {
    "criteria": {
      "has_planks": "2024-05-26 21:04:21 +0000"
    },
    "done": true
  },
  "mcwroofs:recipes/oak_planks": {
    "criteria": {
      "has_planks": "2024-05-26 21:04:24 +0000"
    },
    "done": true
  },
  "minecraft:story/root": {
    "criteria": {
      "crafting_table": "2024-05-26 21:04:29 +0000"
    },
    "done": true
  },
  "mca:recipes/misc/family_tree": {
    "criteria": {
      "has_item": "2024-05-26 21:05:08 +0000"
    },
    "done": true
  },
  "minecraft:husbandry/balanced_diet": {
    "criteria": {
      "baked_potato": "2024-05-26 22:36:00 +0000",
      "bread": "2024-05-26 21:28:01 +0000",
      "melon_slice": "2024-05-26 21:05:49 +0000",
      "golden_carrot": "2024-05-26 23:17:55 +0000",
      "cooked_salmon": "2024-05-26 22:21:19 +0000"
    },
    "done": false
  },
  "minecraft:husbandry/root": {
    "criteria": {
      "consumed_item": "2024-05-26 21:05:49 +0000"
    },
    "done": true
  },
  "alexsmobs:alexsmobs/seagull_steal": {
    "criteria": {
      "ex": "2024-05-26 21:06:32 +0000"
    },
    "done": true
  },
  "biomesoplenty:biomesoplenty/all_biomes": {
    "criteria": {
      "fungal_jungle": "2024-05-26 22:43:10 +0000",
      "erupting_inferno": "2024-05-26 22:54:04 +0000",
      "lush_savanna": "2024-05-26 21:15:35 +0000",
      "crystalline_chasm": "2024-05-26 23:19:31 +0000",
      "spider_nest": "2024-05-26 21:32:33 +0000",
      "dryland": "2024-05-26 21:25:43 +0000",
      "wasteland": "2024-05-26 21:06:37 +0000",
      "lush_desert": "2024-05-26 21:17:17 +0000",
      "wasteland_steppe": "2024-05-26 21:10:22 +0000",
      "rocky_rainforest": "2024-05-26 22:42:52 +0000",
      "rainforest": "2024-05-26 22:42:16 +0000"
    },
    "done": false
  },
  "biomesoplenty:biomesoplenty/root": {
    "criteria": {
      "wasteland": "2024-05-26 21:06:37 +0000"
    },
    "done": true
  },
  "mca:recipes/misc/bouquet": {
    "criteria": {
      "has_item": "2024-05-26 21:10:00 +0000"
    },
    "done": true
  },
  "minecraft:adventure/root": {
    "criteria": {
      "killed_something": "2024-05-26 21:10:10 +0000"
    },
    "done": true
  },
  "mca:root": {
    "criteria": {
      "village_desert": "2024-05-26 21:17:41 +0000"
    },
    "done": true
  },
  "minecraft:adventure/sleep_in_bed": {
    "criteria": {
      "slept_in_bed": "2024-05-26 21:18:20 +0000"
    },
    "done": true
  },
  "mca:recipes/misc/comb": {
    "criteria": {
      "has_item": "2024-05-26 21:21:27 +0000"
    },
    "done": true
  },
  "mca:recipes/misc/needle_and_thread": {
    "criteria": {
      "has_item": "2024-05-26 21:21:27 +0000"
    },
    "done": true
  },
  "mcwroofs:recipes/gutters": {
    "criteria": {
      "has_planks": "2024-05-26 21:21:27 +0000"
    },
    "done": true
  },
  "mca:recipes/misc/whistle": {
    "criteria": {
      "has_item": "2024-05-26 21:21:27 +0000"
    },
    "done": true
  },
  "immersive_aircraft:misc/aircraftery": {
    "criteria": {
      "has_item": "2024-05-26 21:21:27 +0000"
    },
    "done": true
  },
  "minecraft:story/smelt_iron": {
    "criteria": {
      "iron": "2024-05-26 21:21:27 +0000"
    },
    "done": true
  },
  "minecraft:story/mine_diamond": {
    "criteria": {
      "diamond": "2024-05-26 21:21:31 +0000"
    },
    "done": true
  },
  "minecraft:story/obtain_armor": {
    "criteria": {
      "iron_helmet": "2024-05-26 21:22:03 +0000"
    },
    "done": true
  },
  "alexsmobs:alexsmobs/guster": {
    "criteria": {
      "killed_by": "2024-05-26 21:26:56 +0000"
    },
    "done": true
  },
  "mcwroofs:recipes/concrete": {
    "criteria": {
      "has_planks": "2024-05-26 21:27:07 +0000"
    },
    "done": true
  },
  "minecraft:adventure/kill_all_mobs": {
    "criteria": {
      "minecraft:pillager": "2024-05-26 21:41:30 +0000",
      "minecraft:vindicator": "2024-05-26 21:52:11 +0000",
      "minecraft:magma_cube": "2024-05-26 23:02:57 +0000",
      "minecraft:piglin_brute": "2024-05-26 23:01:03 +0000",
      "minecraft:zombified_piglin": "2024-05-26 22:57:01 +0000",
      "minecraft:witch": "2024-05-26 22:36:46 +0000",
      "minecraft:husk": "2024-05-26 22:29:17 +0000",
      "minecraft:piglin": "2024-05-26 22:54:25 +0000",
      "minecraft:enderman": "2024-05-26 22:28:48 +0000",
      "minecraft:zombie": "2024-05-26 21:30:37 +0000"
    },
    "done": false
  },
  "minecraft:adventure/kill_a_mob": {
    "criteria": {
      "minecraft:zombie": "2024-05-26 21:30:37 +0000"
    },
    "done": true
  },
  "alexscaves:alexscaves/defeat_corrodent": {
    "criteria": {
      "killed": "2024-05-26 21:31:45 +0000"
    },
    "done": true
  },
  "undead_revamp2:cloggeradvance": {
    "criteria": {
      "cloggeradvance": "2024-05-26 21:38:09 +0000"
    },
    "done": true
  },
  "alexsmobs:alexsmobs/pocket_sand": {
    "criteria": {
      "rat_upgrade_basic": "2024-05-26 21:39:44 +0000"
    },
    "done": true
  },
  "minecraft:nether/obtain_crying_obsidian": {
    "criteria": {
      "crying_obsidian": "2024-05-26 22:38:37 +0000"
    },
    "done": true
  },
  "minecraft:story/shiny_gear": {
    "criteria": {
      "diamond_helmet": "2024-05-26 23:02:23 +0000"
    },
    "done": true
  },
  "lootr:1chest": {
    "criteria": {
      "opened_chest": "2024-05-26 21:49:10 +0000"
    },
    "done": true
  },
  "lootr:social": {
    "criteria": {
      "opened_barrel": "2024-05-26 21:52:48 +0000",
      "opened_chest": "2024-05-26 21:49:10 +0000"
    },
    "done": false
  },
  "dungeons_arise:find_illager_corsair_or_illager_galley": {
    "criteria": {
      "location1": "2024-05-26 22:32:23 +0000"
    },
    "done": true
  },
  "minecraft:story/deflect_arrow": {
    "criteria": {
      "deflected_projectile": "2024-05-26 21:48:48 +0000"
    },
    "done": true
  },
  "minecraft:story/iron_tools": {
    "criteria": {
      "iron_pickaxe": "2024-05-26 23:42:44 +0000"
    },
    "done": true
  },
  "minecraft:nether/find_bastion": {
    "criteria": {
      "bastion": "2024-05-26 22:54:21 +0000"
    },
    "done": true
  },
  "mcwroofs:recipes/thatch": {
    "criteria": {
      "has_planks": "2024-05-26 21:56:49 +0000"
    },
    "done": true
  },
  "mcwroofs:recipes/jungle": {
    "criteria": {
      "has_planks": "2024-05-26 22:49:19 +0000"
    },
    "done": true
  },
  "minecraft:nether/root": {
    "criteria": {
      "entered_nether": "2024-05-26 22:54:00 +0000"
    },
    "done": true
  },
  "minecraft:nether/obtain_ancient_debris": {
    "criteria": {
      "ancient_debris": "2024-05-26 22:56:50 +0000"
    },
    "done": true
  },
  "alexscaves:alexscaves/cave_tablet": {
    "criteria": {
      "cave_tablet": "2024-05-26 23:02:21 +0000"
    },
    "done": true
  },
  "minecraft:story/mine_stone": {
    "criteria": {
      "get_stone": "2024-05-26 22:56:19 +0000"
    },
    "done": true
  },
  "dungeons_arise:find_illager_campsite": {
    "criteria": {
      "location0": "2024-05-26 21:49:03 +0000"
    },
    "done": true
  },
  "lootr:10loot": {
    "criteria": {
      "loot_stat": "2024-05-26 21:57:09 +0000"
    },
    "done": true
  },
  "minecraft:story/enter_the_nether": {
    "criteria": {
      "entered_nether": "2024-05-26 22:54:00 +0000"
    },
    "done": true
  },
  "lootr:25loot": {
    "criteria": {
      "loot_stat": "2024-05-26 22:34:47 +0000"
    },
    "done": true
  },
  "lootr:1barrel": {
    "criteria": {
      "opened_barrel": "2024-05-26 21:52:48 +0000"
    },
    "done": true
  },
  "mca:recipes/misc/rose_gold_dust": {
    "criteria": {
      "has_item": "2024-05-26 21:57:38 +0000"
    },
    "done": true
  },
  "minecraft:story/form_obsidian": {
    "criteria": {
      "obsidian": "2024-05-26 22:37:30 +0000"
    },
    "done": true
  },
  "minecraft:nether/loot_bastion": {
    "criteria": {
      "loot_bastion_other": "2024-05-26 22:56:48 +0000"
    },
    "done": true
  },
  "mcwroofs:recipes/awning": {
    "criteria": {
      "has_planks": "2024-05-26 21:49:25 +0000"
    },
    "done": true
  },
  "DataVersion": 3465
}